Participant;Age;Gender;Security_number;Security;Secure;Preoccupied;Dismissing;Fearful;Noticing;NotDistracting;NotWorrying;AttentionRegulation;EmotionalAwareness;SelfRegulation;BodyListening;Trusting
2;19,854893908282;2;1;1;4,5;-4;2;-2,5;4;2,66666666666667;3,33333333333333;3,85714285714286;4;3,75;3,33333333333333;5
4;31,8110882956879;1;1;1;7;,5;1;-5;4;2;3,33333333333333;4,28571428571429;4,2;4,25;3,33333333333333;4,33333333333333
6;35,4223134839151;2;1;1;3,5;,5;0;-2;3,5;3,33333333333333;1;2,28571428571429;4;3,25;2;5
9;21,8809034907598;2;1;1;4,5;-1;-1,5;-2;2,5;1,66666666666667;2;2,28571428571429;3,4;1,5;1,66666666666667;3
10;25,9520876112252;1;1;1;3;-,5;2;-2;3,75;2;1,33333333333333;4,28571428571429;3,8;3,75;3;4,66666666666667
13;24,6406570841889;1;1;1;3;0;1,5;-2,5;3,25;1,66666666666667;3;3,42857142857143;3,6;3,25;2,66666666666667;4,66666666666667
16;19,895961670089;1;1;1;4;3,5;-1;-4;4;2;3,66666666666667;3,28571428571429;3,6;3,25;,666666666666667;4,33333333333333
17;22,4531143052704;1;1;1;1,5;-1;-3;-4;3;2;3;2,42857142857143;3,2;2,75;,333333333333333;4,33333333333333
18;22,3682409308693;1;1;1;3,5;-1,5;,5;-2,5;3,5;2,33333333333333;3;3;3,8;2,5;1,33333333333333;3,66666666666667
19;29,5167693360712;1;1;1;1,5;-2,5;1;-2,5;2;1;4;3,28571428571429;2,6;3;1,33333333333333;3,33333333333333
21;18,8583162217659;1;1;1;6,5;1,5;-,5;-2;3,5;2;1,33333333333333;2,57142857142857;3,4;3,25;1,33333333333333;3,66666666666667
24;24,1533196440794;1;1;1;3;1,5;-,5;-2,5;3,75;2,66666666666667;1,66666666666667;3,42857142857143;4,6;3,25;3;3
25;21,3689253935661;1;1;1;2,5;,5;,5;,5;1;2,33333333333333;3;1;1,2;1;,666666666666667;3
26;25,1909650924025;1;1;1;5;-1,5;1;-2,5;3;3;3,66666666666667;2;3,2;3;1,33333333333333;4,66666666666667
27;30,2203969883641;1;1;1;2;-2;,5;-2;1,75;2,33333333333333;3;2,71428571428571;2,2;2;2;3
28;18,4914442162902;1;1;1;5;4;-1;2,5;4;3,33333333333333;1,33333333333333;3,57142857142857;4,6;3,25;4,66666666666667;2,33333333333333
30;25,3771389459274;1;1;1;4;,5;2;-3;3;1,66666666666667;3,66666666666667;3,14285714285714;3,6;2,25;2,66666666666667;4
32;27,9561943874059;2;1;1;4,5;-2,5;2,5;-1,5;3,25;1,33333333333333;2;3,57142857142857;2,4;2;,666666666666667;3,33333333333333
33;26,3518138261465;2;1;1;4;,5;1;-2,5;3,75;2,66666666666667;3;3,42857142857143;4;3;4;4
34;21,8288843258042;2;1;1;3,5;0;,5;-2,5;3,75;1,33333333333333;2;3;4,2;4;3,66666666666667;4
37;24,9308692676249;2;1;1;5;4;-1;-3;3,25;3;3,33333333333333;2,71428571428571;2,6;3;2,33333333333333;2,66666666666667
38;24,9856262833676;1;1;1;6,5;-4;3;-5;1,75;1;4;3,71428571428571;2,6;1,5;1,66666666666667;3,66666666666667
39;23,5263518138261;1;1;1;2;-1;1;-2,5;1,5;2,33333333333333;3,66666666666667;2,14285714285714;2,8;3,25;,666666666666667;3
40;32,703627652293;1;1;1;4,5;,5;,5;-3,5;4;2,66666666666667;2;3,71428571428571;3,2;2,25;2,33333333333333;3,66666666666667
42;23,668720054757;2;1;1;4;-1,5;-1;-3,5;3,5;1,66666666666667;2,33333333333333;3,71428571428571;3,8;2,75;2,33333333333333;4
45;19,5728952772074;2;1;1;2,5;2;,5;-2;3;1,66666666666667;2;2,42857142857143;2;2,25;1;4
46;21,845311430527;2;1;1;4;2;-3;-5;4,25;2;2;3,28571428571429;4,6;2,25;2,33333333333333;4,33333333333333
47;24,5886379192334;1;1;1;2,5;-3;1;1,5;4,25;2;1;3,42857142857143;4,4;3,5;3,33333333333333;3,33333333333333
49;23,8357289527721;2;1;1;2,5;-2;1,5;-2;2,5;1;4;3;3,4;2;1,33333333333333;4,66666666666667
52;23,3921971252567;2;1;1;4,5;-,5;-,5;-4;3,5;1,66666666666667;2;3,57142857142857;3,4;2,25;2;3,66666666666667
54;20,7419575633128;1;1;1;6;-1;0;-4;3,25;3,33333333333333;4;2,85714285714286;3,6;1,5;0;3,33333333333333
55;20,4955509924709;1;1;1;4,5;1,5;-1;-2,5;3,75;2,33333333333333;3,33333333333333;3,14285714285714;3,6;3,5;3,66666666666667;4,33333333333333
56;20,7830253251198;1;1;1;3;-2;-,5;-2,5;3,25;1,33333333333333;3;3,42857142857143;3,4;2,75;2;4,66666666666667
57;20,3778234086242;2;1;1;2;-1,5;0;-2,5;2,25;2;2,33333333333333;3,71428571428571;2,8;3;2;4
58;27,9425051334702;1;1;1;5,5;-3,5;-,5;-3;3,75;1,33333333333333;3;3,57142857142857;4;3,5;4;4
60;20,911704312115;1;1;1;5,5;2,5;0;-3,5;3;2;2,33333333333333;2,42857142857143;3,6;3,25;2;3,66666666666667
62;19,6741957563313;2;1;1;3,5;1;2;-1;3,75;2,33333333333333;2,66666666666667;3,14285714285714;4,4;3,75;3;3,33333333333333
64;29,5906913073238;2;1;1;1;0;,5;,5;4,5;2;3;2,42857142857143;2,8;2,75;2,66666666666667;2,66666666666667
65;20,5968514715948;1;1;1;4,5;1,5;-3,5;-3;4,25;1,66666666666667;3,66666666666667;2,42857142857143;4,4;3;3,33333333333333;4
67;22,4887063655031;1;1;1;3;1;1,5;-1;3,25;2,66666666666667;3;3,28571428571429;3,4;2,5;3;4
68;29,7467488021903;1;1;1;5,5;-1,5;1;-3,5;3,75;3,33333333333333;2;3,42857142857143;4,4;3,75;2,66666666666667;4
69;21,2156057494867;1;1;1;3,5;1,5;0;-2;3,25;1,33333333333333;2,33333333333333;2,71428571428571;4,4;4,25;4,33333333333333;4,66666666666667
70;19,4004106776181;1;1;1;2,5;1,5;-1,5;-1;3,75;2,66666666666667;1,66666666666667;3,28571428571429;4,4;2,75;3;4,66666666666667
71;21,9301848049281;1;1;1;4;3,5;-1,5;-2,5;2,5;2,66666666666667;2;1,85714285714286;2,6;1,5;1,66666666666667;2,66666666666667
77;24,7830253251198;1;1;1;5,5;-4;,5;-4;4;2,33333333333333;3,66666666666667;2,71428571428571;3,6;3,5;2,33333333333333;4,33333333333333
78;21,6235455167693;2;1;1;4;0;-1;-2,5;3,75;2,66666666666667;3;4;3,6;2,75;2,66666666666667;4
80;21,6016427104723;2;1;1;4,5;1;2;-3;3,75;3,66666666666667;2,66666666666667;3,71428571428571;4,2;3,5;4,33333333333333;2,66666666666667
85;23,0444900752909;1;1;1;4;-1;0;-1;1,25;1,66666666666667;3,66666666666667;2;1,8;2,25;,666666666666667;4,66666666666667
86;21,8398357289528;1;1;1;3;,5;-1;-2,5;3;3;2,33333333333333;2,71428571428571;3;2;3,33333333333333;3
87;26,1464750171116;1;1;1;3;2,5;,5;-1,5;3,75;1,33333333333333;3;1,71428571428571;3,6;1,5;,666666666666667;2,66666666666667
89;30,8473648186174;1;1;1;2,5;-,5;,5;-2;4;2,66666666666667;1,33333333333333;3;3,6;1,75;2;4
90;23,6002737850787;1;1;1;5;,5;3,5;-3,5;4;1,66666666666667;4,33333333333333;4,14285714285714;3,8;4,25;4,33333333333333;4,66666666666667
95;24,6297056810404;2;1;1;4;1,5;1,5;-3;3,75;2,33333333333333;4;4;3,4;4,25;2,66666666666667;4,33333333333333
96;26,7542778918549;1;1;1;4,5;-,5;3;-2,5;3,25;1,66666666666667;2;4,28571428571429;3;3,25;3;4,66666666666667
97;24,2737850787132;2;1;1;3,5;-1,5;0;-1,5;3;3;1,66666666666667;3,42857142857143;2,8;3,75;2,66666666666667;2,66666666666667
98;25,6043805612594;1;1;1;5,5;3,5;-,5;-3;3,25;2,33333333333333;3;3;3;2,5;2,33333333333333;4,33333333333333
99;26,5626283367556;2;1;1;3;,5;,5;-2,5;3,25;3,66666666666667;2;3;4,2;1,5;4,33333333333333;3,66666666666667
20;28,4243668720055;2;2;0;0;1;1;1,5;3,5;1;3;3;3,6;2,5;2,66666666666667;3,33333333333333
59;26,403832991102;1;2;0;-2,5;4,5;2,5;4;3,25;1;3;2,28571428571429;3;2,75;2;3,66666666666667
5;24,6652977412731;1;3;0;2;-2;2;-1,5;3,5;3;4;3,42857142857143;4,2;2;2,33333333333333;2,66666666666667
7;24,621492128679;1;3;0;5,5;-3,5;4;-4,5;3,75;2,66666666666667;3,66666666666667;3,42857142857143;3,6;3,75;2;4
8;30,4750171115674;2;3;0;-2,5;-4;2,5;1;3;2;2,66666666666667;3,28571428571429;4;3;3,66666666666667;4
11;21,7987679671458;1;3;0;2,5;2,5;3;-1,5;3,75;,666666666666667;2;2,71428571428571;4,6;3,5;3,33333333333333;3,66666666666667
14;30,8966461327858;1;3;0;0;-,5;1,5;-,5;3,5;2,33333333333333;2;2,42857142857143;4;4;3,33333333333333;4
15;27,2908966461328;1;3;0;1;,5;2,5;1;4,25;,666666666666667;2,66666666666667;4,14285714285714;3,2;3,75;4;3,66666666666667
29;19,7371663244353;1;3;0;2;0;1,5;1;3,5;2,66666666666667;2,33333333333333;4;4,8;4,5;4;4,66666666666667
31;23,4579055441478;2;3;0;4;-6;3,5;-3,5;3,75;2,66666666666667;1,66666666666667;2,71428571428571;4;4;1,66666666666667;5
35;22,1464750171116;1;3;0;1,5;-3;3,5;2,5;3,25;1,66666666666667;3;2,57142857142857;3,8;3,75;2,33333333333333;4,66666666666667
44;26,6721423682409;1;3;0;2;-1;1,5;-3;1;2;2,33333333333333;1,28571428571429;1,6;3;1;3
51;34,6502395619439;1;3;0;-3;-2;1,5;1;1,5;2,33333333333333;3,33333333333333;2,14285714285714;3,2;2;1,33333333333333;1,33333333333333
53;30,3080082135524;1;3;0;-1;2;4;2,5;4;3,33333333333333;1,66666666666667;,857142857142857;2,2;2,5;0;2,66666666666667
61;21,7659137577002;1;3;0;3,5;-1;3,5;0;4,25;2;3,33333333333333;4;4;4;3,66666666666667;4,33333333333333
66;26,1382614647502;1;3;0;,5;-1;5;1,5;3;1;3;3,14285714285714;2,6;1,5;1;3
73;28,6762491444216;2;3;0;2,5;,5;2;0;2,75;2;3,33333333333333;2,57142857142857;4;3,5;3,33333333333333;3
74;26,2094455852156;2;3;0;1,5;-2;2;,5;3,5;2,33333333333333;3,66666666666667;3,28571428571429;4,4;4;3;5
76;25,782340862423;2;3;0;2;1,5;2,5;-1;3,5;2,33333333333333;3,66666666666667;4,42857142857143;2,8;2;2,33333333333333;3,33333333333333
82;22,8993839835729;1;3;0;-,5;0;4;0;3,25;1,66666666666667;,666666666666667;2,42857142857143;4;4,5;3,66666666666667;3,33333333333333
83;28,5968514715948;1;3;0;2;,5;1,5;-2,5;2,75;3;1,66666666666667;2;2,2;1,5;3;3,33333333333333
88;32,9856262833676;1;3;0;2,5;-1,5;2;-2;2,5;2;2,66666666666667;3,14285714285714;2,4;2,5;1;4
91;20,6269678302532;2;3;0;-,5;,5;3;-,5;3,25;1,33333333333333;3,33333333333333;3,28571428571429;3,2;3,5;1;3
92;26,7433264887064;1;3;0;,5;-2,5;2,5;-2;3,75;2,33333333333333;2,33333333333333;2,14285714285714;3,2;2,75;1,66666666666667;5
100;27,006160164271;1;3;0;4;-6;3;-2,5;3,75;2;2;2;3,8;2,75;2,66666666666667;3
1;24,3175906913073;1;4;0;2;4;,5;-2;3,75;1,33333333333333;3;2,71428571428571;2,8;3;1;3,66666666666667
3;22,3463381245722;2;4;0;3;5;-1;-3;3;4;2;2,14285714285714;3,4;2,25;,666666666666667;2
22;20,2765229295003;1;4;0;1,5;6;-1;4;2,5;1,33333333333333;,666666666666667;3,42857142857143;3,2;,75;,333333333333333;2
36;26,8911704312115;1;4;0;1;3,5;0;-,5;4,75;2;3;4,57142857142857;5;3;5;4,33333333333333
41;25,2867898699521;1;4;0;,5;3;-2;0;3,75;2,66666666666667;1,66666666666667;2,57142857142857;4;2,25;1,66666666666667;2,33333333333333
43;30,0917180013689;1;4;0;0;6,5;,5;1,5;2,75;1,33333333333333;2,33333333333333;1,57142857142857;3,4;1,5;1,66666666666667;,666666666666667
48;26,9486652977413;1;4;0;-1;4;1,5;1;3,75;1;3;3,28571428571429;3,4;3,5;3,33333333333333;3,33333333333333
50;23,3429158110883;1;4;0;3;4;2;-1,5;3;1,33333333333333;3,33333333333333;2,57142857142857;3;3,75;2,66666666666667;4
63;21,0458590006845;2;4;0;1;2,5;0;-,5;3;3;2,66666666666667;2,57142857142857;2,8;3,5;1,33333333333333;4
72;19,1895961670089;2;4;0;3;7;1;-,5;4,25;2,66666666666667;,333333333333333;3,71428571428571;3,8;2;3,33333333333333;4
75;18,8829568788501;1;4;0;1,5;2,5;,5;-2;3,25;2,33333333333333;1,66666666666667;3,14285714285714;3,8;2,25;2,66666666666667;4
79;19,0390143737166;2;4;0;1,5;2,5;1;-1,5;2,75;2,66666666666667;2,33333333333333;3,57142857142857;3;2,75;1,33333333333333;3
81;20,9007529089665;1;4;0;3;4;2;-2,5;4,5;2,33333333333333;3;2,42857142857143;4,6;2,75;3,33333333333333;3,33333333333333
84;20,331279945243;1;4;0;2;4;-1,5;2,5;3,75;3;,666666666666667;3,85714285714286;3,8;2,5;4,33333333333333;2,66666666666667
93;23,8466803559206;2;4;0;1,5;3,5;-1;-3;3,75;2,33333333333333;3,66666666666667;3,71428571428571;2,8;3,25;1,33333333333333;2,66666666666667
94;32,9089664613279;1;4;0;1,5;2,5;-2;0;3;2,33333333333333;2,33333333333333;3,14285714285714;4,4;3,25;2,66666666666667;3
12;24,6680355920602;1;5;2;3,5;-4;2,5;-3;4,25;1,33333333333333;4;4,57142857142857;3,8;3,25;1,33333333333333;3,33333333333333
23;21,4072553045859;1;5;2;3,5;3,5;-2,5;-2;3;2;4;2,85714285714286;3;3,25;2,33333333333333;3,33333333333333
